{"IcoMoonType":"selection","icons":[{"icon":{"paths":["M409.6 307.2v-102.4h204.8v204.8h204.8v409.6h-204.8v204.8h-204.8v-204.8h-204.8v-409.6h204.8v-102.4zM409.6 614.4v204.8h204.8v-409.6h-204.8v204.8z"],"attrs":[{}],"isMulticolor":false,"isMulticolor2":false,"grid":0,"tags":["o"]},"attrs":[{}],"properties":{"order":9,"id":25,"name":"o","prevSize":32,"code":59655},"setIdx":0,"setId":0,"iconIdx":0},{"icon":{"paths":["M204.8 614.4v-409.6h409.6v204.8h204.8v409.6h-409.6v204.8h-204.8v-409.6zM409.6 512v102.4h204.8v-204.8h-204.8v102.4z"],"attrs":[{}],"isMulticolor":false,"isMulticolor2":false,"grid":0,"tags":["p"]},"attrs":[{}],"properties":{"order":10,"id":24,"name":"p","prevSize":32,"code":59656},"setIdx":0,"setId":0,"iconIdx":1},{"icon":{"paths":["M409.6 307.2v-102.4h204.8v204.8h204.8v614.4h-204.8v-204.8h-409.6v-409.6h204.8v-102.4zM409.6 512v102.4h204.8v-204.8h-204.8v102.4z"],"attrs":[{}],"isMulticolor":false,"isMulticolor2":false,"grid":0,"tags":["q"]},"attrs":[{}],"properties":{"order":11,"id":23,"name":"q","prevSize":32,"code":59657},"setIdx":0,"setId":0,"iconIdx":2},{"icon":{"paths":["M204.8 614.4v-409.6h614.4v409.6h-204.8v204.8h204.8v204.8h-204.8v-204.8h-204.8v204.8h-204.8v-409.6zM409.6 512v102.4h204.8v-204.8h-204.8v102.4z"],"attrs":[{}],"isMulticolor":false,"isMulticolor2":false,"grid":0,"tags":["r"]},"attrs":[{}],"properties":{"order":12,"id":22,"name":"r","prevSize":32,"code":59658},"setIdx":0,"setId":0,"iconIdx":3},{"icon":{"paths":["M204.8 307.2v307.2h409.6v204.8h-409.6v204.8h614.4v-614.4h-409.6v-204.8h409.6v-204.8h-614.4v307.2z"],"attrs":[{}],"isMulticolor":false,"isMulticolor2":false,"grid":0,"tags":["s"]},"attrs":[{}],"properties":{"order":13,"id":21,"name":"s","prevSize":32,"code":59659},"setIdx":0,"setId":0,"iconIdx":4},{"icon":{"paths":["M409.6 307.2v102.4h-204.8v204.8h204.8v409.6h204.8v-409.6h204.8v-204.8h-204.8v-204.8h-204.8v102.4z"],"attrs":[{}],"isMulticolor":false,"isMulticolor2":false,"grid":0,"tags":["t"]},"attrs":[{}],"properties":{"order":14,"id":20,"name":"t","prevSize":32,"code":59660},"setIdx":0,"setId":0,"iconIdx":5},{"icon":{"paths":["M204.8 614.4v409.6h614.4v-819.2h-204.8v614.4h-204.8v-614.4h-204.8v409.6z"],"attrs":[{}],"isMulticolor":false,"isMulticolor2":false,"grid":0,"tags":["u"]},"attrs":[{}],"properties":{"order":21,"id":19,"name":"u","prevSize":32,"code":59661},"setIdx":0,"setId":0,"iconIdx":6},{"icon":{"paths":["M204.8 512v307.2h204.8v204.8h204.8v-204.8h204.8v-614.4h-204.8v614.4h-204.8v-614.4h-204.8v307.2z"],"attrs":[{}],"isMulticolor":false,"isMulticolor2":false,"grid":0,"tags":["v"]},"attrs":[{}],"properties":{"order":20,"id":18,"name":"v","prevSize":32,"code":59648},"setIdx":0,"setId":0,"iconIdx":7},{"icon":{"paths":["M0 614.4v-204.8h204.8v409.6h204.8v-204.8h204.8v204.8h204.8v-407.718l218.266-8.282-7.066 409.6-211.2 7.437v203.763h-204.8v-204.8h-204.8v204.8h-204.8v-204.8h-204.8v-204.8zM5.21 614.4c0 116.16 1.946 163.686 4.314 105.6s2.368-153.114 0-211.2c-2.368-58.086-4.314-10.56-4.314 105.6z"],"attrs":[{}],"isMulticolor":false,"isMulticolor2":false,"grid":0,"tags":["w"]},"attrs":[{}],"properties":{"order":22,"id":17,"name":"w","prevSize":32,"code":59649},"setIdx":0,"setId":0,"iconIdx":8},{"icon":{"paths":["M204.8 204.8v204.8h204.8v204.8h-204.8v409.6h204.8v-409.6h204.8v409.6h204.8v-409.6h-204.8v-204.8h204.8v-409.6h-204.8v409.6h-204.8v-409.6h-204.8v204.8z"],"attrs":[{}],"isMulticolor":false,"isMulticolor2":false,"grid":0,"tags":["x"]},"attrs":[{}],"properties":{"order":23,"id":16,"name":"x","prevSize":32,"code":59650},"setIdx":0,"setId":0,"iconIdx":9},{"icon":{"paths":["M204.8 409.6v204.8h204.8v409.6h204.8v-409.6h204.8v-409.6h-204.8v409.6h-204.8v-409.6h-204.8v204.8z"],"attrs":[{}],"isMulticolor":false,"isMulticolor2":false,"grid":0,"tags":["y"]},"attrs":[{}],"properties":{"order":24,"id":15,"name":"y","prevSize":32,"code":59651},"setIdx":0,"setId":0,"iconIdx":10},{"icon":{"paths":["M204.8 102.4v102.4h409.6v204.8h-204.8v204.8h-204.8v409.6h614.4v-204.8h-409.6v-204.8h204.8v-204.8h204.8v-409.6h-614.4v102.4z"],"attrs":[{}],"isMulticolor":false,"isMulticolor2":false,"grid":0,"tags":["z"]},"attrs":[{}],"properties":{"order":25,"id":14,"name":"z","prevSize":32,"code":59652},"setIdx":0,"setId":0,"iconIdx":11},{"icon":{"paths":["M409.6 102.4v-102.4h204.8v204.8h204.8v819.2h-204.8v-409.6h-204.8v409.6h-204.8v-819.2h204.8v-102.4zM409.6 307.2v102.4h204.8v-204.8h-204.8v102.4z"],"attrs":[{}],"isMulticolor":false,"isMulticolor2":false,"grid":0,"tags":["a"]},"attrs":[{}],"properties":{"order":26,"id":13,"name":"a","prevSize":32,"code":59653},"setIdx":0,"setId":0,"iconIdx":12},{"icon":{"paths":["M409.6 102.4v-102.4h204.8v204.8h204.8v204.8h-204.8v204.8h204.8v204.8h-204.8v204.8h-409.6v-819.2h204.8v-102.4zM409.6 307.2v102.4h204.8v-204.8h-204.8v102.4zM409.6 716.8v102.4h204.8v-204.8h-204.8v102.4z"],"attrs":[{}],"isMulticolor":false,"isMulticolor2":false,"grid":0,"tags":["b"]},"attrs":[{}],"properties":{"order":16,"id":12,"name":"b","prevSize":32,"code":59662},"setIdx":0,"setId":0,"iconIdx":13},{"icon":{"paths":["M204.8 614.4v409.6h614.4v-204.8h-409.6v-409.6h409.6v-204.8h-614.4v409.6z"],"attrs":[{}],"isMulticolor":false,"isMulticolor2":false,"grid":0,"tags":["c"]},"attrs":[{}],"properties":{"order":17,"id":11,"name":"c","prevSize":32,"code":59663},"setIdx":0,"setId":0,"iconIdx":14},{"icon":{"paths":["M409.6 307.2v-102.4h204.8v819.2h-614.4v-409.6h204.8v-204.8h204.8v-102.4zM204.8 716.8v102.4h204.8v-204.8h-204.8v102.4z"],"attrs":[{}],"isMulticolor":false,"isMulticolor2":false,"grid":0,"tags":["d"]},"attrs":[{}],"properties":{"order":18,"id":10,"name":"d","prevSize":32,"code":59664},"setIdx":0,"setId":0,"iconIdx":15},{"icon":{"paths":["M409.6 102.4v-102.4h204.8v204.8h204.8v409.6h-409.6v204.8h409.6v204.8h-409.6v-204.8h-204.8v-614.4h204.8v-102.4zM409.6 307.2v102.4h204.8v-204.8h-204.8v102.4z"],"attrs":[{}],"isMulticolor":false,"isMulticolor2":false,"grid":0,"tags":["e"]},"attrs":[{}],"properties":{"order":19,"id":9,"name":"e","prevSize":32,"code":59665},"setIdx":0,"setId":0,"iconIdx":16},{"icon":{"paths":["M409.6 614.4v409.6h204.8v-204.8h204.8v-204.8h-204.8v-204.8h409.6v-204.8h-614.4v409.6z"],"attrs":[{}],"isMulticolor":false,"isMulticolor2":false,"grid":0,"tags":["f"]},"attrs":[{}],"properties":{"order":27,"id":8,"name":"f","prevSize":32,"code":59666},"setIdx":0,"setId":0,"iconIdx":17},{"icon":{"paths":["M409.6 307.2v102.4h-204.8v614.4h409.6v-204.8h204.8v-204.8h-204.8v204.8h-204.8v-409.6h204.8v-204.8h-204.8v102.4z"],"attrs":[{}],"isMulticolor":false,"isMulticolor2":false,"grid":0,"tags":["g"]},"attrs":[{}],"properties":{"order":34,"id":7,"name":"g","prevSize":32,"code":59667},"setIdx":0,"setId":0,"iconIdx":18},{"icon":{"paths":["M204.8 614.4v409.6h204.8v-204.8h204.8v204.8h204.8v-819.2h-204.8v409.6h-204.8v-409.6h-204.8v409.6z"],"attrs":[{}],"isMulticolor":false,"isMulticolor2":false,"grid":0,"tags":["h"]},"attrs":[{}],"properties":{"order":33,"id":6,"name":"h","prevSize":32,"code":59668},"setIdx":0,"setId":0,"iconIdx":19},{"icon":{"paths":["M409.6 102.4v102.4h204.8v-204.8h-204.8v102.4zM409.6 716.8v307.2h204.8v-614.4h-204.8v307.2z"],"attrs":[{}],"isMulticolor":false,"isMulticolor2":false,"grid":0,"tags":["i"]},"attrs":[{}],"properties":{"order":32,"id":5,"name":"i","prevSize":32,"code":59669},"setIdx":0,"setId":0,"iconIdx":20},{"icon":{"paths":["M409.6 102.4v102.4h204.8v-204.8h-204.8v102.4zM409.6 614.4v204.8h-204.8v-204.8h-204.8v204.8h204.8v204.8h409.6v-614.4h-204.8v204.8z"],"attrs":[{}],"isMulticolor":false,"isMulticolor2":false,"grid":0,"tags":["j"]},"attrs":[{}],"properties":{"order":31,"id":4,"name":"j","prevSize":32,"code":59670},"setIdx":0,"setId":0,"iconIdx":21},{"icon":{"paths":["M204.8 614.4v409.6h204.8v-204.8h204.8v204.8h204.8v-204.8h-204.8v-204.8h204.8v-204.8h-204.8v204.8h-204.8v-409.6h-204.8v409.6z"],"attrs":[{}],"isMulticolor":false,"isMulticolor2":false,"grid":0,"tags":["k"]},"attrs":[{}],"properties":{"order":30,"id":3,"name":"k","prevSize":32,"code":59671},"setIdx":0,"setId":0,"iconIdx":22},{"icon":{"paths":["M0 614.4v409.6h614.4v-204.8h-409.6v-614.4h-204.8v409.6z"],"attrs":[{}],"isMulticolor":false,"isMulticolor2":false,"grid":0,"tags":["l"]},"attrs":[{}],"properties":{"order":29,"id":2,"name":"l","prevSize":32,"code":59672},"setIdx":0,"setId":0,"iconIdx":23},{"icon":{"paths":["M204.8 512v-102.4h204.8v204.8h204.8v-204.8h204.8v206.682l218.266-8.282-7.066 409.6-211.2 7.437v-410.637h-204.8v204.8h-204.8v-204.8h-204.8v409.6h-204.8v-409.6h204.8v-102.4zM5.21 819.2c0 116.16 1.946 163.674 4.314 105.6s2.368-153.114 0-211.2c-2.368-58.086-4.314-10.56-4.314 105.6z"],"attrs":[{}],"isMulticolor":false,"isMulticolor2":false,"grid":0,"tags":["m"]},"attrs":[{}],"properties":{"order":28,"id":1,"name":"m","prevSize":32,"code":59673},"setIdx":0,"setId":0,"iconIdx":24},{"icon":{"paths":["M204.8 614.4v409.6h204.8v-409.6h204.8v204.8h204.8v204.8h204.8v-819.2h-204.8v409.6h-204.8v-204.8h-204.8v-204.8h-204.8v409.6z"],"attrs":[{}],"isMulticolor":false,"isMulticolor2":false,"grid":0,"tags":["n"]},"attrs":[{}],"properties":{"order":3,"id":0,"name":"n","prevSize":32,"code":59654},"setIdx":0,"setId":0,"iconIdx":25}],"height":1024,"metadata":{"name":"simplefont"},"preferences":{"showGlyphs":true,"showCodes":true,"showQuickUse":true,"showQuickUse2":true,"showSVGs":true,"fontPref":{"prefix":"simplefont-","metadata":{"fontFamily":"simplefont","majorVersion":1,"minorVersion":0},"metrics":{"emSize":1024,"baseline":6.25,"whitespace":50},"embed":false,"showMetrics":true,"showVersion":true,"showMetadata":false,"addZero":false,"autoHost":true,"showSelector":true},"imagePref":{"prefix":"icon-","png":true,"useClassSelector":true,"color":0,"bgColor":16777215},"historySize":50,"gridSize":16,"quickUsageToken":{"SimpleFont":"OWEzZTJmNGJjYTdhYjYzZTBjNTBjM2I0YjkzNzI2ZmUjMSMxNjczNDEwNzU1IyMjMjYzNmU0ZjljYWZl"}}}